{"cameraMode":{"drawMode":0,"name":"Shaded","section":"Shading Mode"},"sceneLighting":true,"audioPlay":false,"sceneViewState":{"showFog":true,"showMaterialUpdate":false,"showSkybox":true,"showFlares":true,"showImageEffects":true,"showParticleSystems":true},"in2DMode":false,"pivot":{"x":-19.33592987060547,"y":-7.015323162078857,"z":-13.508004188537598},"rotation":{"x":-0.10817521810531616,"y":0.8629587888717651,"z":-0.20872794091701508,"w":-0.4472965896129608},"size":56.02647399902344,"orthographic":false}