{"cameraMode":{"drawMode":0,"name":"Shaded","section":"Shading Mode"},"sceneLighting":true,"audioPlay":false,"sceneViewState":{"showFog":true,"showMaterialUpdate":false,"showSkybox":true,"showFlares":true,"showImageEffects":true,"showParticleSystems":true},"in2DMode":false,"pivot":{"x":-12.510296821594239,"y":11.760636329650879,"z":-44.59503173828125},"rotation":{"x":-0.1702944040298462,"y":-0.12383291870355606,"z":0.021544145420193673,"w":-0.9773889780044556},"size":20.673707962036134,"orthographic":false}